k;seed;metric;min_size;max_size;outliers;threshold;elite_size;elapsed_time
10;-1;cosine;3;6;0;0.750000;10;600.135073
All solutions found
Solution;Evaluation;Feasible;Num, of Attr,;Restrictions Violated
deaths,gold_per_min,hero_healing;0,209051;1;3;0
deaths,xp_per_min,hero_healing;0,196981;1;3;0
deaths,assists,gold_per_min,hero_healing;0,168042;1;4;0
deaths,gold_per_min,hero_damage,hero_healing;0,165333;1;4;0
deaths,hero_healing,last_hits;0,165165;1;3;0
deaths,assists,hero_healing,last_hits;0,137557;1;4;0
deaths,assists,xp_per_min,hero_healing;0,129246;1;4;0
kills,deaths,denies,hero_healing;0,127104;1;4;0
deaths,assists,gold_per_min,hero_damage,hero_healing;0,122401;1;5;0
kills,deaths,hero_healing,last_hits;0,119368;1;4;0
deaths,assists,denies,hero_damage,hero_healing;0,115001;1;5;0
kills,deaths,assists,denies,hero_healing;0,105773;1;5;0
deaths,assists,gold_per_min,hero_damage;0,105111;1;4;0
deaths,denies,hero_damage,hero_healing;0,100428;1;4;0
kills,deaths,assists,hero_healing,last_hits;0,094750;1;5;0
deaths,assists,denies,hero_healing;0,094257;1;4;0
deaths,assists,gold_per_min;0,094063;1;3;0
deaths,assists,last_hits;0,091785;1;3;0
assists,gold_per_min,hero_damage,hero_healing;0,084137;1;4;0
kills,deaths,assists,last_hits;0,069460;1;4;0
kills,deaths,assists,hero_healing;0,068859;1;4;0
kills,assists,hero_healing,last_hits;0,066463;1;4;0
deaths,denies,hero_healing;0,063426;1;3;0
kills,deaths,hero_healing;0,063159;1;3;0
deaths,assists,xp_per_min;0,063094;1;3;0
assists,denies,hero_damage,hero_healing;0,061740;1;4;0
deaths,assists,denies,hero_damage;0,054676;1;4;0
deaths,gold_per_min,hero_damage;0,050570;1;3;0
kills,assists,denies,hero_healing;0,050349;1;4;0
assists,gold_per_min,hero_healing;0,046398;1;3;0
assists,xp_per_min,hero_healing;0,043294;1;3;0
kills,deaths,assists,denies;0,040054;1;4;0
assists,hero_healing,last_hits;0,039023;1;3;0
deaths,assists,hero_damage,hero_healing;0,036280;1;4;0
deaths,hero_damage,hero_healing;0,030512;1;3;0
deaths,assists,hero_damage;0,024352;1;3;0
deaths,assists,denies;0,016938;1;3;0
kills,deaths,assists;0,009852;1;3;0
kills,deaths,last_hits;0,004750;1;3;0
assists,denies,hero_healing;0,003826;1;3;0
assists,gold_per_min,hero_damage;-0,012801;1;3;0
kills,deaths,denies;-0,024120;1;3;0
assists,hero_damage,hero_healing;-0,026206;1;3;0
deaths,denies,hero_damage;-0,026997;1;3;0
kills,assists,hero_healing;-0,031884;1;3;0
assists,denies,hero_damage;-0,070537;1;3;0
deaths,assists,hero_healing;-0,077585;1;3;0
kills,assists,denies;-0,088476;1;3;0
kills,denies,hero_healing;-0,089784;1;3;0
kills,assists,last_hits;-0,090014;1;3;0
kills,hero_healing,last_hits;-0,109722;1;3;0
gold_per_min,hero_damage,hero_healing;-0,113669;1;3;0
denies,hero_damage,hero_healing;-0,139255;1;3;0
deaths,denies,gold_per_min,hero_healing;-0,515425;0;4;1
deaths,denies,hero_healing,last_hits;-0,524051;0;4;1
deaths,denies,xp_per_min,hero_healing;-0,527251;0;4;1
deaths,gold_per_min,hero_healing,last_hits;-0,536258;0;4;1
kills,deaths,gold_per_min,hero_healing;-0,537768;0;4;1
deaths,denies,gold_per_min,hero_damage,hero_healing;-0,538358;0;5;1
deaths,xp_per_min,hero_healing,last_hits;-0,539672;0;4;1
deaths,xp_per_min,hero_damage,hero_healing;-0,543388;0;4;1
deaths,assists,gold_per_min,xp_per_min,hero_healing;-0,543669;0;5;1
deaths,assists,denies,gold_per_min,hero_healing;-0,545587;0;5;1
deaths,gold_per_min,xp_per_min,hero_healing;-0,550250;0;4;1
deaths,assists,xp_per_min,hero_healing,last_hits;-0,556171;0;5;1
kills,deaths,denies,hero_healing,last_hits;-0,561366;0;5;1
deaths,assists,denies,gold_per_min;-0,562936;0;4;1
deaths,assists,gold_per_min,hero_healing,last_hits;-0,565651;0;5;1
deaths,assists,denies,hero_healing,last_hits;-0,566693;0;5;1
kills,deaths,assists,gold_per_min,hero_healing;-0,567349;0;5;1
kills,deaths,assists,gold_per_min;-0,575162;0;4;1
deaths,assists,denies,gold_per_min,hero_damage,hero_healing;-0,575254;0;6;1
deaths,assists,denies,xp_per_min,hero_healing;-0,577264;0;5;1
kills,deaths,denies,hero_damage,hero_healing;-0,579577;0;5;1
deaths,assists,denies,xp_per_min;-0,580879;0;4;1
kills,deaths,assists,xp_per_min,hero_healing;-0,581764;0;5;1
deaths,hero_damage,hero_healing,last_hits;-0,588773;0;4;1
kills,deaths,assists,denies,hero_healing,last_hits;-0,589729;0;6;1
deaths,assists,denies,gold_per_min,hero_damage;-0,591282;0;5;1
deaths,assists,hero_damage,hero_healing,last_hits;-0,597394;0;5;1
kills,deaths,assists,denies,hero_damage,hero_healing;-0,597864;0;6;1
kills,deaths,xp_per_min,hero_healing;-0,598900;0;4;1
deaths,assists,gold_per_min,xp_per_min;-0,599464;0;4;1
deaths,assists,xp_per_min,hero_damage,hero_healing;-0,601395;0;5;1
deaths,assists,denies,last_hits;-0,601539;0;4;1
kills,deaths,hero_damage,hero_healing;-0,602368;0;4;1
deaths,assists,gold_per_min,last_hits;-0,604695;0;4;1
kills,assists,denies,hero_healing,last_hits;-0,607162;0;5;1
assists,denies,hero_healing,last_hits;-0,607947;0;4;1
kills,deaths,assists,xp_per_min;-0,609428;0;4;1
assists,denies,gold_per_min,hero_healing;-0,612459;0;4;1
assists,xp_per_min,hero_damage,hero_healing;-0,616832;0;4;1
assists,gold_per_min,hero_healing,last_hits;-0,619971;0;4;1
assists,xp_per_min,hero_healing,last_hits;-0,621472;0;4;1
deaths,assists,xp_per_min,last_hits;-0,622213;0;4;1
assists,denies,xp_per_min,hero_healing;-0,622220;0;4;1
assists,denies,gold_per_min,hero_damage,hero_healing;-0,626613;0;5;1
deaths,assists,hero_damage,last_hits;-0,634610;0;4;1
deaths,assists,xp_per_min,hero_damage;-0,636306;0;4;1
assists,hero_damage,hero_healing,last_hits;-0,639355;0;4;1
deaths,denies,gold_per_min,hero_damage;-0,639715;0;4;1
kills,deaths,assists,hero_damage,hero_healing;-0,639757;0;5;1
kills,deaths,assists,denies,last_hits;-0,639829;0;5;1
deaths,denies,gold_per_min;-0,640847;0;3;1
kills,assists,gold_per_min,hero_healing;-0,646570;0;4;1
kills,assists,denies,hero_damage,hero_healing;-0,649592;0;5;1
assists,gold_per_min,xp_per_min,hero_healing;-0,656697;0;4;1
deaths,denies,xp_per_min;-0,658667;0;3;1
deaths,gold_per_min,last_hits;-0,661958;0;3;1
kills,assists,xp_per_min,hero_healing;-0,667456;0;4;1
deaths,xp_per_min,hero_damage;-0,670893;0;3;1
kills,deaths,denies,last_hits;-0,671053;0;4;1
kills,assists,hero_damage,hero_healing;-0,672242;0;4;1
kills,deaths,assists,hero_damage;-0,677413;0;4;1
denies,xp_per_min,hero_healing;-0,679576;0;3;1
kills,deaths,assists,denies,hero_damage;-0,681906;0;5;1
deaths,xp_per_min,last_hits;-0,682444;0;3;1
kills,deaths,denies,hero_damage;-0,693577;0;4;1
kills,deaths,gold_per_min;-0,701713;0;3;1
xp_per_min,hero_healing,last_hits;-0,713532;0;3;1
deaths,denies,last_hits;-0,714092;0;3;1
assists,denies,gold_per_min;-0,714551;0;3;1
assists,denies,last_hits;-0,725146;0;3;1
assists,xp_per_min,hero_damage;-0,727366;0;3;1
kills,assists,denies,last_hits;-0,728192;0;4;1
kills,deaths,xp_per_min;-0,729177;0;3;1
assists,denies,xp_per_min;-0,729695;0;3;1
assists,xp_per_min,last_hits;-0,734459;0;3;1
assists,denies,gold_per_min,hero_damage;-0,734865;0;4;1
kills,deaths,hero_damage;-0,735380;0;3;1
deaths,hero_damage,last_hits;-0,735498;0;3;1
kills,assists,xp_per_min;-0,740435;0;3;1
kills,denies,hero_healing,last_hits;-0,744952;0;4;1
deaths,gold_per_min,xp_per_min;-0,746496;0;3;1
assists,hero_damage,last_hits;-0,748875;0;3;1
kills,assists,denies,hero_damage;-0,759767;0;4;1
kills,assists,gold_per_min;-0,760143;0;3;1
denies,gold_per_min,hero_healing;-0,760684;0;3;1
denies,gold_per_min,hero_damage,hero_healing;-0,770021;0;4;1
xp_per_min,hero_damage,hero_healing;-0,771134;0;3;1
kills,denies,hero_damage,hero_healing;-0,773442;0;4;1
assists,gold_per_min,last_hits;-0,783432;0;3;1
gold_per_min,hero_healing,last_hits;-0,787125;0;3;1
kills,xp_per_min,hero_healing;-0,798570;0;3;1
assists,gold_per_min,xp_per_min;-0,805113;0;3;1
kills,assists,hero_damage;-0,814199;0;3;1
kills,hero_damage,hero_healing;-0,824300;0;3;1
kills,gold_per_min,hero_healing;-0,828323;0;3;1
gold_per_min,xp_per_min,hero_healing;-0,836087;0;3;1
denies,hero_healing,last_hits;-0,843078;0;3;1
hero_damage,hero_healing,last_hits;-0,843094;0;3;1
denies,gold_per_min,hero_damage;-0,902369;0;3;1
kills,deaths,denies,gold_per_min,hero_healing;-0,932563;0;5;2
kills,denies,last_hits;-0,954894;0;3;1
kills,deaths,gold_per_min,hero_healing,last_hits;-0,956535;0;5;2
deaths,denies,xp_per_min,hero_damage,hero_healing;-0,957977;0;5;2
deaths,gold_per_min,xp_per_min,hero_damage,hero_healing;-0,958705;0;5;2
kills,deaths,denies,xp_per_min,hero_healing;-0,960995;0;5;2
kills,deaths,xp_per_min,hero_healing,last_hits;-0,961973;0;5;2
deaths,assists,gold_per_min,xp_per_min,hero_damage,hero_healing;-0,969063;0;6;2
deaths,gold_per_min,hero_damage,hero_healing,last_hits;-0,976020;0;5;2
kills,deaths,gold_per_min,hero_damage,hero_healing;-0,976787;0;5;2
deaths,assists,gold_per_min,hero_damage,hero_healing,last_hits;-0,977900;0;6;2
deaths,denies,hero_damage,hero_healing,last_hits;-0,978879;0;5;2
kills,deaths,assists,gold_per_min,hero_healing,last_hits;-0,981437;0;6;2
kills,deaths,assists,denies,gold_per_min,hero_healing;-0,989107;0;6;2
deaths,assists,denies,hero_damage,hero_healing,last_hits;-0,989186;0;6;2
kills,deaths,assists,gold_per_min,hero_damage,hero_healing;-0,994458;0;6;2
kills,deaths,assists,denies,xp_per_min,hero_healing;-0,998027;0;6;2
kills,deaths,assists,xp_per_min,hero_healing,last_hits;-0,999228;0;6;2
deaths,assists,gold_per_min,xp_per_min,hero_damage;-1,002389;0;5;2
deaths,assists,denies,xp_per_min,hero_damage,hero_healing;-1,002545;0;6;2
kills,denies,hero_damage;-1,007541;0;3;1
kills,deaths,assists,hero_damage,hero_healing,last_hits;-1,008492;0;6;2
deaths,assists,gold_per_min,hero_damage,last_hits;-1,011332;0;5;2
kills,deaths,hero_damage,hero_healing,last_hits;-1,011556;0;5;2
kills,deaths,assists,denies,gold_per_min;-1,019117;0;5;2
kills,deaths,assists,gold_per_min,last_hits;-1,023564;0;5;2
deaths,assists,denies,hero_damage,last_hits;-1,026066;0;5;2
deaths,gold_per_min,xp_per_min,hero_damage;-1,028251;0;4;2
kills,deaths,assists,gold_per_min,hero_damage;-1,031853;0;5;2
assists,denies,hero_damage,hero_healing,last_hits;-1,031859;0;5;2
kills,deaths,assists,xp_per_min,last_hits;-1,032341;0;5;2
kills,assists,xp_per_min,hero_healing,last_hits;-1,032450;0;5;2
assists,denies,xp_per_min,hero_damage,hero_healing;-1,035041;0;5;2
deaths,assists,denies,xp_per_min,hero_damage;-1,035468;0;5;2
assists,gold_per_min,xp_per_min,hero_damage,hero_healing;-1,037506;0;5;2
kills,assists,denies,gold_per_min,hero_healing;-1,037691;0;5;2
kills,assists,denies,xp_per_min,hero_healing;-1,042672;0;5;2
kills,deaths,assists,denies,xp_per_min;-1,045101;0;5;2
assists,gold_per_min,hero_damage,hero_healing,last_hits;-1,049722;0;5;2
kills,deaths,assists,hero_damage,last_hits;-1,055795;0;5;2
kills,assists,gold_per_min,hero_healing,last_hits;-1,056297;0;5;2
deaths,denies,xp_per_min,hero_damage;-1,061109;0;4;2
kills,deaths,gold_per_min,last_hits;-1,064472;0;4;2
kills,assists,hero_damage,hero_healing,last_hits;-1,065792;0;5;2
kills,deaths,gold_per_min,hero_damage;-1,065971;0;4;2
deaths,gold_per_min,hero_damage,last_hits;-1,068119;0;4;2
kills,assists,gold_per_min,hero_damage,hero_healing;-1,068646;0;5;2
kills,deaths,denies,gold_per_min;-1,069122;0;4;2
kills,deaths,xp_per_min,last_hits;-1,069448;0;4;2
kills,deaths,denies,xp_per_min;-1,071223;0;4;2
kills,deaths,hero_damage,last_hits;-1,073326;0;4;2
deaths,denies,hero_damage,last_hits;-1,117433;0;4;2
assists,gold_per_min,xp_per_min,hero_damage;-1,126042;0;4;2
assists,gold_per_min,hero_damage,last_hits;-1,130255;0;4;2
assists,denies,xp_per_min,hero_damage;-1,140654;0;4;2
denies,xp_per_min,hero_damage,hero_healing;-1,141554;0;4;2
kills,denies,xp_per_min,hero_healing;-1,142302;0;4;2
kills,assists,denies,gold_per_min;-1,155776;0;4;2
kills,xp_per_min,hero_healing,last_hits;-1,157574;0;4;2
assists,denies,hero_damage,last_hits;-1,163450;0;4;2
kills,assists,denies,xp_per_min;-1,168049;0;4;2
kills,denies,gold_per_min,hero_healing;-1,171450;0;4;2
kills,assists,gold_per_min,hero_damage;-1,175079;0;4;2
kills,assists,xp_per_min,last_hits;-1,177008;0;4;2
kills,assists,hero_damage,last_hits;-1,178861;0;4;2
kills,assists,gold_per_min,last_hits;-1,180500;0;4;2
kills,hero_damage,hero_healing,last_hits;-1,192263;0;4;2
kills,gold_per_min,hero_healing,last_hits;-1,194680;0;4;2
gold_per_min,xp_per_min,hero_damage,hero_healing;-1,203889;0;4;2
deaths,denies,gold_per_min,hero_healing,last_hits;-1,204979;0;5;3
gold_per_min,hero_damage,hero_healing,last_hits;-1,208686;0;4;2
kills,gold_per_min,hero_damage,hero_healing;-1,223931;0;4;2
denies,hero_damage,hero_healing,last_hits;-1,225399;0;4;2
deaths,denies,xp_per_min,hero_healing,last_hits;-1,227183;0;5;3
deaths,denies,gold_per_min,xp_per_min,hero_healing;-1,229180;0;5;3
deaths,gold_per_min,xp_per_min,hero_healing,last_hits;-1,238197;0;5;3
kills,xp_per_min,last_hits;-1,238738;0;3;2
kills,denies,xp_per_min;-1,245415;0;3;2
denies,xp_per_min,hero_damage;-1,254489;0;3;2
deaths,assists,denies,gold_per_min,hero_healing,last_hits;-1,260826;0;6;3
kills,deaths,denies,gold_per_min,hero_damage,hero_healing;-1,261393;0;6;3
assists,denies,xp_per_min,hero_healing,last_hits;-1,268616;0;5;3
deaths,assists,denies,xp_per_min,hero_healing,last_hits;-1,270242;0;6;3
gold_per_min,hero_damage,last_hits;-1,270326;0;3;2
kills,deaths,gold_per_min,xp_per_min,hero_healing;-1,271996;0;5;3
deaths,assists,xp_per_min,hero_damage,hero_healing,last_hits;-1,272587;0;6;3
deaths,assists,denies,gold_per_min,xp_per_min,hero_healing;-1,273516;0;6;3
deaths,assists,gold_per_min,xp_per_min,hero_healing,last_hits;-1,278055;0;6;3
assists,denies,gold_per_min,hero_healing,last_hits;-1,279468;0;5;3
deaths,xp_per_min,hero_damage,hero_healing,last_hits;-1,284225;0;5;3
kills,gold_per_min,last_hits;-1,291045;0;3;2
kills,deaths,xp_per_min,hero_damage,hero_healing;-1,292343;0;5;3
kills,deaths,denies,hero_damage,hero_healing,last_hits;-1,295218;0;6;3
deaths,assists,denies,gold_per_min,xp_per_min;-1,297448;0;5;3
kills,deaths,assists,xp_per_min,hero_damage,hero_healing;-1,301324;0;6;3
kills,deaths,assists,gold_per_min,xp_per_min,hero_healing;-1,305275;0;6;3
deaths,assists,denies,gold_per_min,last_hits;-1,307239;0;5;3
deaths,assists,xp_per_min,hero_damage,last_hits;-1,318066;0;5;3
deaths,assists,denies,xp_per_min,last_hits;-1,318101;0;5;3
assists,denies,gold_per_min,xp_per_min,hero_healing;-1,318250;0;5;3
kills,deaths,assists,denies,gold_per_min,hero_damage;-1,318371;0;6;3
deaths,assists,gold_per_min,xp_per_min,last_hits;-1,329025;0;5;3
kills,deaths,assists,gold_per_min,xp_per_min;-1,329943;0;5;3
kills,deaths,assists,xp_per_min,hero_damage;-1,335676;0;5;3
deaths,denies,xp_per_min,last_hits;-1,336652;0;4;3
kills,deaths,denies,gold_per_min,hero_damage;-1,338779;0;5;3
assists,xp_per_min,hero_damage,hero_healing,last_hits;-1,341645;0;5;3
kills,assists,denies,gold_per_min,hero_damage,hero_healing;-1,342478;0;6;3
kills,assists,denies,hero_damage,hero_healing,last_hits;-1,345245;0;6;3
kills,hero_damage,last_hits;-1,349733;0;3;2
deaths,denies,gold_per_min,last_hits;-1,351147;0;4;3
kills,deaths,xp_per_min,hero_damage;-1,353269;0;4;3
assists,gold_per_min,xp_per_min,hero_healing,last_hits;-1,354382;0;5;3
deaths,denies,gold_per_min,xp_per_min;-1,354719;0;4;3
kills,denies,gold_per_min;-1,355844;0;3;2
kills,deaths,assists,denies,hero_damage,last_hits;-1,361867;0;6;3
gold_per_min,xp_per_min,hero_damage;-1,366808;0;3;2
deaths,xp_per_min,hero_damage,last_hits;-1,367888;0;4;3
kills,assists,xp_per_min,hero_damage,hero_healing;-1,369323;0;5;3
kills,deaths,denies,hero_damage,last_hits;-1,369553;0;5;3
kills,assists,gold_per_min,xp_per_min,hero_healing;-1,370735;0;5;3
denies,hero_damage,last_hits;-1,374793;0;3;2
kills,gold_per_min,hero_damage;-1,376534;0;3;2
deaths,gold_per_min,xp_per_min,last_hits;-1,392447;0;4;3
denies,xp_per_min,hero_healing,last_hits;-1,402857;0;4;3
assists,denies,xp_per_min,last_hits;-1,412355;0;4;3
kills,deaths,gold_per_min,xp_per_min;-1,412850;0;4;3
assists,denies,gold_per_min,last_hits;-1,414616;0;4;3
assists,xp_per_min,hero_damage,last_hits;-1,418574;0;4;3
kills,assists,denies,gold_per_min,hero_damage;-1,425596;0;5;3
kills,assists,denies,hero_damage,last_hits;-1,431427;0;5;3
denies,gold_per_min,xp_per_min,hero_healing;-1,442722;0;4;3
assists,denies,gold_per_min,xp_per_min;-1,447779;0;4;3
xp_per_min,hero_damage,hero_healing,last_hits;-1,456162;0;4;3
kills,assists,xp_per_min,hero_damage;-1,457165;0;4;3
kills,denies,gold_per_min,hero_damage,hero_healing;-1,457776;0;5;3
kills,denies,hero_damage,hero_healing,last_hits;-1,458345;0;5;3
denies,gold_per_min,hero_healing,last_hits;-1,461584;0;4;3
gold_per_min,xp_per_min,hero_healing,last_hits;-1,465924;0;4;3
kills,deaths,denies,gold_per_min,hero_healing,last_hits;-1,468438;0;6;4
deaths,denies,gold_per_min,xp_per_min,hero_damage,hero_healing;-1,471688;0;6;4
deaths,denies,gold_per_min,hero_damage,hero_healing,last_hits;-1,473173;0;6;4
kills,assists,gold_per_min,xp_per_min;-1,477274;0;4;3
assists,gold_per_min,xp_per_min,last_hits;-1,478944;0;4;3
kills,xp_per_min,hero_damage,hero_healing;-1,481265;0;4;3
denies,xp_per_min,last_hits;-1,485759;0;3;3
kills,deaths,denies,xp_per_min,hero_healing,last_hits;-1,488983;0;6;4
kills,deaths,denies,xp_per_min,hero_damage,hero_healing;-1,500107;0;6;4
kills,gold_per_min,xp_per_min,hero_healing;-1,508083;0;4;3
xp_per_min,hero_damage,last_hits;-1,515563;0;3;3
kills,deaths,gold_per_min,hero_damage,hero_healing,last_hits;-1,516365;0;6;4
deaths,assists,denies,gold_per_min,hero_damage,last_hits;-1,533869;0;6;4
deaths,assists,denies,gold_per_min,xp_per_min,hero_damage;-1,535748;0;6;4
deaths,denies,gold_per_min,xp_per_min,hero_damage;-1,546353;0;5;4
kills,deaths,assists,denies,gold_per_min,last_hits;-1,546853;0;6;4
assists,denies,gold_per_min,hero_damage,hero_healing,last_hits;-1,549773;0;6;4
kills,deaths,assists,gold_per_min,hero_damage,last_hits;-1,552287;0;6;4
assists,denies,gold_per_min,xp_per_min,hero_damage,hero_healing;-1,552380;0;6;4
denies,gold_per_min,last_hits;-1,558776;0;3;3
kills,deaths,assists,denies,xp_per_min,last_hits;-1,559173;0;6;4
kills,deaths,gold_per_min,hero_damage,last_hits;-1,564818;0;5;4
kills,assists,denies,gold_per_min,hero_healing,last_hits;-1,570378;0;6;4
kills,deaths,assists,denies,xp_per_min,hero_damage;-1,570533;0;6;4
kills,assists,denies,xp_per_min,hero_damage,hero_healing;-1,571235;0;6;4
kills,assists,denies,xp_per_min,hero_healing,last_hits;-1,575452;0;6;4
kills,assists,gold_per_min,hero_damage,hero_healing,last_hits;-1,576054;0;6;4
gold_per_min,xp_per_min,last_hits;-1,576579;0;3;3
kills,deaths,denies,gold_per_min,last_hits;-1,578509;0;5;4
deaths,denies,gold_per_min,hero_damage,last_hits;-1,580321;0;5;4
kills,deaths,denies,xp_per_min,last_hits;-1,587779;0;5;4
kills,deaths,denies,xp_per_min,hero_damage;-1,589258;0;5;4
denies,gold_per_min,xp_per_min;-1,591429;0;3;3
kills,denies,hero_damage,last_hits;-1,608128;0;4;3
kills,xp_per_min,hero_damage;-1,627256;0;3;3
kills,denies,xp_per_min,hero_healing,last_hits;-1,632456;0;5;4
assists,denies,gold_per_min,xp_per_min,hero_damage;-1,642501;0;5;4
kills,denies,gold_per_min,hero_damage;-1,644553;0;4;3
kills,gold_per_min,xp_per_min;-1,651058;0;3;3
kills,assists,denies,xp_per_min,hero_damage;-1,651114;0;5;4
assists,denies,gold_per_min,hero_damage,last_hits;-1,654272;0;5;4
kills,deaths,denies,gold_per_min,xp_per_min,hero_healing;-1,654785;0;6;5
kills,deaths,gold_per_min,xp_per_min,hero_healing,last_hits;-1,657116;0;6;5
kills,denies,xp_per_min,hero_damage,hero_healing;-1,657233;0;5;4
kills,assists,denies,xp_per_min,last_hits;-1,658422;0;5;4
kills,denies,gold_per_min,hero_healing,last_hits;-1,660236;0;5;4
kills,assists,denies,gold_per_min,last_hits;-1,664085;0;5;4
deaths,denies,xp_per_min,hero_damage,hero_healing,last_hits;-1,669443;0;6;5
denies,gold_per_min,xp_per_min,hero_damage,hero_healing;-1,669813;0;5;4
kills,assists,gold_per_min,hero_damage,last_hits;-1,674593;0;5;4
deaths,gold_per_min,xp_per_min,hero_damage,hero_healing,last_hits;-1,679433;0;6;5
denies,gold_per_min,hero_damage,hero_healing,last_hits;-1,693739;0;5;4
kills,deaths,gold_per_min,xp_per_min,hero_damage,hero_healing;-1,700725;0;6;5
kills,gold_per_min,hero_damage,hero_healing,last_hits;-1,703830;0;5;4
kills,deaths,assists,gold_per_min,xp_per_min,last_hits;-1,705650;0;6;5
deaths,assists,denies,xp_per_min,hero_damage,last_hits;-1,714411;0;6;5
kills,deaths,xp_per_min,hero_damage,hero_healing,last_hits;-1,720164;0;6;5
deaths,assists,gold_per_min,xp_per_min,hero_damage,last_hits;-1,723671;0;6;5
kills,deaths,assists,denies,gold_per_min,xp_per_min;-1,726193;0;6;5
kills,denies,xp_per_min,last_hits;-1,729364;0;4;4
kills,deaths,assists,gold_per_min,xp_per_min,hero_damage;-1,730537;0;6;5
assists,denies,xp_per_min,hero_damage,hero_healing,last_hits;-1,734753;0;6;5
assists,gold_per_min,xp_per_min,hero_damage,hero_healing,last_hits;-1,740670;0;6;5
kills,deaths,assists,xp_per_min,hero_damage,last_hits;-1,743110;0;6;5
kills,deaths,gold_per_min,xp_per_min,hero_damage;-1,748648;0;5;5
kills,deaths,denies,gold_per_min,xp_per_min;-1,750816;0;5;5
kills,deaths,xp_per_min,hero_damage,last_hits;-1,752069;0;5;5
deaths,gold_per_min,xp_per_min,hero_damage,last_hits;-1,754835;0;5;5
kills,deaths,gold_per_min,xp_per_min,last_hits;-1,755713;0;5;5
kills,assists,xp_per_min,hero_damage,hero_healing,last_hits;-1,761192;0;6;5
denies,gold_per_min,hero_damage,last_hits;-1,763286;0;4;4
kills,assists,gold_per_min,xp_per_min,hero_damage,hero_healing;-1,764298;0;6;5
kills,assists,denies,gold_per_min,xp_per_min,hero_healing;-1,769047;0;6;5
denies,gold_per_min,xp_per_min,hero_damage;-1,770066;0;4;4
deaths,denies,xp_per_min,hero_damage,last_hits;-1,773279;0;5;5
kills,assists,gold_per_min,xp_per_min,hero_healing,last_hits;-1,775871;0;6;5
kills,denies,xp_per_min,hero_damage;-1,776956;0;4;4
deaths,denies,gold_per_min,xp_per_min,hero_healing,last_hits;-1,782303;0;6;6
kills,denies,gold_per_min,last_hits;-1,816419;0;4;4
kills,gold_per_min,hero_damage,last_hits;-1,817392;0;4;4
assists,denies,xp_per_min,hero_damage,last_hits;-1,828077;0;5;5
assists,gold_per_min,xp_per_min,hero_damage,last_hits;-1,834449;0;5;5
denies,xp_per_min,hero_damage,hero_healing,last_hits;-1,843175;0;5;5
kills,assists,xp_per_min,hero_damage,last_hits;-1,850461;0;5;5
kills,denies,gold_per_min,xp_per_min,hero_healing;-1,856147;0;5;5
kills,gold_per_min,xp_per_min,hero_healing,last_hits;-1,858652;0;5;5
kills,assists,denies,gold_per_min,xp_per_min;-1,859392;0;5;5
kills,xp_per_min,hero_damage,hero_healing,last_hits;-1,864956;0;5;5
kills,assists,gold_per_min,xp_per_min,hero_damage;-1,865962;0;5;5
gold_per_min,xp_per_min,hero_damage,hero_healing,last_hits;-1,874023;0;5;5
kills,assists,gold_per_min,xp_per_min,last_hits;-1,874776;0;5;5
deaths,assists,denies,gold_per_min,xp_per_min,last_hits;-1,883887;0;6;6
denies,xp_per_min,hero_damage,last_hits;-1,888845;0;4;5
kills,gold_per_min,xp_per_min,hero_damage,hero_healing;-1,897783;0;5;5
deaths,denies,gold_per_min,xp_per_min,last_hits;-1,906561;0;5;6
assists,denies,gold_per_min,xp_per_min,hero_healing,last_hits;-1,909098;0;6;6
kills,deaths,denies,gold_per_min,hero_damage,last_hits;-1,916906;0;6;6
kills,xp_per_min,hero_damage,last_hits;-1,932596;0;4;5
kills,gold_per_min,xp_per_min,last_hits;-1,949739;0;4;5
gold_per_min,xp_per_min,hero_damage,last_hits;-1,954919;0;4;5
kills,denies,gold_per_min,xp_per_min;-1,980653;0;4;5
denies,gold_per_min,xp_per_min,hero_healing,last_hits;-1,989364;0;5;6
assists,denies,gold_per_min,xp_per_min,last_hits;-1,995387;0;5;6
kills,assists,denies,gold_per_min,hero_damage,last_hits;-1,996931;0;6;6
kills,denies,gold_per_min,hero_damage,hero_healing,last_hits;-2,016195;0;6;6
kills,deaths,denies,gold_per_min,xp_per_min,hero_damage;-2,032336;0;6;7
kills,gold_per_min,xp_per_min,hero_damage;-2,045242;0;4;5
denies,gold_per_min,xp_per_min,last_hits;-2,055757;0;4;6
kills,deaths,denies,xp_per_min,hero_damage,last_hits;-2,067012;0;6;7
kills,denies,gold_per_min,hero_damage,last_hits;-2,123749;0;5;6
kills,assists,denies,xp_per_min,hero_damage,last_hits;-2,123985;0;6;7
kills,assists,denies,gold_per_min,xp_per_min,hero_damage;-2,126326;0;6;7
kills,denies,xp_per_min,hero_damage,hero_healing,last_hits;-2,127490;0;6;7
kills,denies,gold_per_min,xp_per_min,hero_damage,hero_healing;-2,141292;0;6;7
deaths,denies,gold_per_min,xp_per_min,hero_damage,last_hits;-2,149331;0;6;8
kills,deaths,gold_per_min,xp_per_min,hero_damage,last_hits;-2,156894;0;6;8
kills,deaths,denies,gold_per_min,xp_per_min,last_hits;-2,159658;0;6;8
kills,denies,xp_per_min,hero_damage,last_hits;-2,217993;0;5;7
assists,denies,gold_per_min,xp_per_min,hero_damage,last_hits;-2,231277;0;6;8
kills,denies,gold_per_min,xp_per_min,hero_healing,last_hits;-2,240831;0;6;8
kills,assists,gold_per_min,xp_per_min,hero_damage,last_hits;-2,252017;0;6;8
kills,assists,denies,gold_per_min,xp_per_min,last_hits;-2,254696;0;6;8
denies,gold_per_min,xp_per_min,hero_damage,hero_healing,last_hits;-2,256603;0;6;8
kills,denies,gold_per_min,xp_per_min,hero_damage;-2,260833;0;5;7
kills,gold_per_min,xp_per_min,hero_damage,hero_healing,last_hits;-2,273763;0;6;8
denies,gold_per_min,xp_per_min,hero_damage,last_hits;-2,324527;0;5;8
kills,denies,gold_per_min,xp_per_min,last_hits;-2,338992;0;5;8
kills,gold_per_min,xp_per_min,hero_damage,last_hits;-2,354753;0;5;8
deaths,xp_per_min;-2,596223;0;2;12
kills,denies,gold_per_min,xp_per_min,hero_damage,last_hits;-2,606405;0;6;11
deaths,gold_per_min;-2,611232;0;2;12
assists,gold_per_min;-2,620871;0;2;12
assists,xp_per_min;-2,633276;0;2;12
deaths,last_hits;-2,637174;0;2;12
assists,denies;-2,664395;0;2;12
assists,last_hits;-2,677604;0;2;12
xp_per_min,hero_healing;-2,691782;0;2;12
kills,deaths;-2,693456;0;2;12
kills,assists;-2,700503;0;2;12
deaths,denies;-2,714516;0;2;12
deaths,hero_damage;-2,723895;0;2;12
assists,hero_damage;-2,752138;0;2;12
gold_per_min,hero_healing;-2,761697;0;2;12
deaths,assists;-2,777805;0;2;12
deaths,hero_healing;-2,779299;0;2;12
assists,hero_healing;-2,780725;0;2;12
denies,hero_healing;-2,790054;0;2;12
kills,hero_healing;-2,806674;0;2;12
xp_per_min,last_hits;-2,807036;0;2;12
hero_healing,last_hits;-2,822645;0;2;12
denies,xp_per_min;-2,836748;0;2;12
hero_damage,hero_healing;-2,859167;0;2;12
gold_per_min,last_hits;-2,866389;0;2;12
kills,last_hits;-2,870853;0;2;12
denies,gold_per_min;-2,880139;0;2;12
gold_per_min,xp_per_min;-2,882913;0;2;12
xp_per_min,hero_damage;-2,883965;0;2;12
kills,gold_per_min;-2,925861;0;2;12
kills,xp_per_min;-2,933093;0;2;12
kills,hero_damage;-2,936184;0;2;12
hero_damage,last_hits;-2,939122;0;2;12
gold_per_min,hero_damage;-2,942085;0;2;12
denies,hero_damage;-2,942307;0;2;12
kills,denies;-2,942656;0;2;12
denies,last_hits;-3,059345;0;2;12
